AFG;Afganisztán;Afganisztáni
AG;ANTIGUA ÉS BARBUDA;ANTIGUA ÉS BARBUDAi
AI;ANGUILLA;ANGUILLAi
ALB;Albánia;Albán
ALG;Algéria;Algériai
AN;HOLLAND ANTILLÁK;HOLLAND ANTILLÁKi
AND;Andorra;Andorrai
ANG;Angola;Angolai
AQ;ANTARKTISZ;ANTARKTISZi
ARE;Egyiptom;Egyiptomi
ARG;Argentina;Argentin
ARM;Örményország;Örmény
AUL;Ausztrália;Ausztrál
AUS;Ausztria;Osztrák
AW;ARUBA;ARUBAi
AZB;Azerbajdzsán;Azerbajdzsáni
BAH;Bahrein;Bahreini
BAR;Barbados;Barbadosi
BDI;Burundi;Burundi
BEL;Belgium;Belgiumi
BEN;Benin;Benini
BGD;Banglades;Bangladesi
BHA;Bosznia-Hercegovina;Boszniai
BHS;Bahama-szigetek;Bahama-szigeteki
BHU;Bhután;Bhutáni
BKF;Burkina Faso;Burkina Fasoi
BLR;Belorusszia;Belorusz
BM;BERMUDA;BERMUDAi
BMA;Burma;Burmai
BOL;Bolívia;Bolíviai
BOT;Botswana;Botswanai
BRA;Brazília;Brazil
BUL;Bulgária;Bolgár
BV;BOUVET-SZIGET;BOUVET-SZIGETi
BZE;Belize;Belizei
CAM;Kambodzsa;Kambodzsai
CAN;Kanada;Kanadai
CAR;Közép-Afrikai Köztársaság;Közép-Afrikai Köztársasági
CC;Kókusz-Szigetek;Kókusz-Szigeteki
CHD;Csád;Csádi
CHI;Kína;Kínai
CHL;Chile;Chilei
CHR;Cseh Köztársaság;Cseh
CMR;Kamerun;Kameruni
COB;Kongó;Kongói
COI;Komoros;Komorosi
COL;Kolumbia;Kolumbiai
COS;Costa Rica;Costa Ricai
CRT;Horvátország;Horvát
CUB;Kuba;Kubai
CVI;ZÖLD-FOKI KÖZTÁRSASÁG;Cape Verdei
CX;Karácsony-Sziget;Karácsony-Szigeti
CYP;Ciprus;Ciprusi
DEN;Dánia;Dán
DJB;Dzsibuti;Dzsibuti
DOM;Dominikai Köztársaság;Dominikai
DOM;Dominikai Közösség;Dominikai Közösségi
DUB;Dubai;Dubai
EC;EC;ECi
ECU;Ecuador;Ecuadori
EGU;Egyenlítoi Guinea;Egyenlítoi Guineai
ERT;Eritrea;Eritreai
EST;Észtország;Észt
ETH;Etiópia;Etiópiai
FGU;Francia Guyana;Francia Guyanai
FIJ;Fidzsi-szigetek;Fidzsi-szigeteki
FIN;Finnország;Finn
FK;Falkland-Szigetek;Falkland-Szigeteki
FRA;Franciaország;Francia
FRI;Faroe-szigetek;Faroe-szigeteki
GAB;Gabon;Gaboni
GAM;Gambia;Gambiai
GBR;Nagy-Britannia;Brit
GBS;Guinea Bissau;Guinea Bissaui
GEO;Grúzia;Grúziai
GFR;Németország;Német
GHA;Ghána;Ghánai
GIB;Gibraltár;Gibraltári
GL;Grönland;Grönlandi
GRE;Görögország;Görög
GRN;Grenada;Grenadai
GUA;Guatemala;Guatemalai
GUI;Guinea;Guineai
GUY;Guyana;Guyanai
HAI;Haiti;Haiti
HKG;Hong Kong;Hong Kongi
HM;Heart-Sziget ÉS MCDonald-Szigetek;Heart-Szigeti
HON;Honduras;Hondurasi
HUN;Magyarország;Magyar
ICE;Izland;Izlandi
ICO;Elefántcsontpart;Elefántcsontparti
IND;India;Indiai
INS;Indonézia;Indonesiai
IO;BRIT INDIAI-ÓCEÁNI TERÜLET;BRIT INDIAI-ÓCEÁNI TERÜLETi
IRE;Írország;Ír
IRN;Irán;Iráni
IRQ;Irak;Iraki
ISR;Izrael;Izraeli
ITA;Olaszország;Olasz
JAM;Jamaica;Jamaicai
JOR;Jordánia;Jordán
JPN;Japán;Japán
KAZ;Kazahsztán;Kazahsztáni
KEN;Kenya;Kenyai
KI;KIRIBATI;KIRIBATI
KOR;Dél-Korea;Dél-Koreai
KRN;Észak-Korea;Észak-Koreai
KUW;Kuvait;Kuvaiti
KY;Kajmán-Szigetek;Kajmán-Szigeteki
KYR;Kirgízia;Kirgíziai
LAO;Laosz;Laoszi
LBR;Libéria;Libériai
LBY;Líbia;Líbiai
LC;SAINT LUCIA;SAINT LUCIAi
LEB;Libanon;Libanoni
LES;Lesotho;Lesothoi
LIE;Liechtenstein;Liechtensteini
LKA;Sri Lanka;SRÍ LANKAi
LTH;Litvánia;Litván
LTV;Lettország;Lett
LUX;Luxemburg;Luxemburgi
MAD;Madagaszkár;Madagaszkári
MAU;Mauritánia;Mauritániai
MCA;Makedónia;Makedóniai
MCO;Monaco;Monacoi
MDV;Maldiv-szigetek;Maldiv-szigeteki
MEX;Mexikó;Mexikói
MH;MARSCHALL-SZIGETEK;MARSCHALL-SZIGETEKi
MLD;Moldávia;Moldáviai
MLI;Mali;Mali
MLS;Malaysia;Malaysiai
MLW;Malawi;Malawi
MNE;Montenegro;Montenegroi
MNG;Mongólia;Mongól
MO;Makaó;Makaói
MOR;Marokkó;Marokkói
MOZ;Mozambik;Mozambiki
MQ;MARTINIQUE;MARTINIQUEi
MTA;Málta;Máltai
MTS;Mauritius;Mauritiusi
MYA;Myanmar;Myanamari
NAM;Namíbia;Namibiai
NC;Új-Kaledónia;Új-Kaledóniai
NEP;Nepál;Nepáli
NET;Hollandia;Holland
NF;Norfolk-Sziget;Norfolk-Szigeti
NGR;Niger;Nigeri
NIC;Nicaragua;Nicaraguai
NIG;Nigéria;Nigériai
NLA;Other Countries;Other Countries
NOR;Norvégia;Norvég
NRU;Nauru;Naraui
NU;NIUE;NIUEi
NZL;Új-Zéland;Új-Zélandi
OMN;Oman;Omani
PAK;Pakisztán;Pakisztáni
PAN;Panama;Panamai
PAR;Paraguay;Paraguayi
PER;Peru;Perui
PF;Francia polinézia;Francia polinéziai
PHI;Fülöp-szigetek;Fülöp-szigeteki
PM;ST-PIERRE ÉS MIQUELON;ST-PIERRE ÉS MIQUELONi
PN;PITCAIRN-SZIGETEK;PITCAIRN-SZIGETEKi
PNG;Pápua Új-Guinea;Pápua Új-Guineai
POL;Lengyelország;Lengyel
POR;Portugália;Portugál
PR;PUERTO RICOI;PUERTO RICOI
PW;Palau;Palaui
QAT;Katar;Katari
RE;Réunion;Réunioni
ROM;Románia;Román
RSA;Dél-Afrikai Köztársaság;Dél-Afrikai Köztársasági
RUF;Orosz Föderáció;Orosz
RWA;Ruanda;Ruandai
SAL;Salvador;Salvadori
SAU;Szaud-Arábia;Szaud-Arábiai
SB;Salamon-Szigetek;Salamon-Szigeteki
SEN;Szenegál;Szenegáli
SEY;Seychelle-szigetek;Seychelle-szigeteki
SH;Szent Ilona;Szent Ilonai
SIN;Szingapúr;Szingapúri
SJ;Svalbard;Svalbardi
SLE;Sierra Leone;Sierra Leonei
SLO;Szlovénia;Szlovén
SLV;Szlovákia;Szlovák
SMA;San Marino;San Marinoi
SOM;Szomália;Szomáliai
SPA;Spanyolország;Spanyol
SRB;Szerbia;Szerb
SRV;Vietnam;Vietnami
STP;Sao Tomé;Sao Toméi
SUD;Szudan;Szudani
SUR;Suriname;Surinamei
SWA;Szváziföld;Szváziföldi
SWE;Svédország;Svéd
SWI;Svájc;Svájci
SYR;Szíria;Szíriai
TAN;Tanzánia;Tanzániai
TC;TURKS ÉS CAICOS-SZIGETEK;TURKS ÉS CAICOS-SZIGETEKi
THA;Thaiföld;Thaiföldi
TJK;Tadzsikisztán;Tadzsikisztáni
TK;Tokelau-Szigetek;Tokelau-Szigeteki
TKM;Türkmenisztán;Türkmenisztáni
TOG;Togo;Togoi
TON;Tonga;Tongai
TRT;Trinidad és Tobago;Trinidadi
TUN;Tunézia;Tunéziai
TUR;Törökország;Török
TV;Tuvalu;Tuvalui
TW;Tajvan;Tajvani
UAE;Egyesült Arab Emirátus;Egyesült Arab Emirátusi
UGA;Uganda;Ugandai
UKR;Ukrajna;Ukrán
UM;AMERIKAI CSENDES-ÓCEÁNI-SZIGETEK;AMERIKAI CSENDES-ÓCEÁNI-SZIGETEKi
UN;UNO;UNOi
UNK;Koszovó;Koszovói
URU;Uruguay;Uruguayi
USA;Amerikai Egyesült;Államok Amerikai
UZB;Üzbegisztán;Üzbegisztáni
VAT;Vatikán;Vatikáni
VC;SAINT VINCENT;SAINT VINCENTi
VEN;Venezuela;Venezuelai
VG;BRIT VIRGIN-SZIGETEK;BRIT VIRGIN-SZIGETEKi
VU;VANUATU;VANUATUi
WAF;Nyugat-Afrika;Nyugat-Afrikai
WES;Nyugat-Szamoa;Nyugat-Szamoai
WF;WALLIS ÉS FUTUNA;WALLIS ÉS FUTUNAi
WSH;Nyugat-Szahara;Nyugat-Szaharai
XX;ISMERETLEN;ISMERETLEN
X0;FRANCIA DÉLI TERÜLETEK;FRANCIA DÉLI TERÜLETEKi
YEM;Jemen;Jemeni
YT;MAYOTTE;MAYOTTEi
YU;JUGOSZLÁVIA;JUGOSZLÁV
ZAM;Zambia;Zambiai
ZIM;Zimbabwe;Zimbabwei
ZRE;Zaire;Zairei